-- tai khoan
INSERT INTO taikhoan VALUES(1, 'amazonjuicy', 'dugjhr88', '0234569874', 'chandanhvl@gmail.com');
INSERT INTO taikhoan VALUES(2, 'weirdofoxxx', 'foxxxxx', '0168974512', 'haicham3que@gmail.com');
INSERT INTO taikhoan VALUES(3, 'bamboohoo', 'assisgood1', '0785642135', 'boohuhu@gmail.com');
INSERT INTO taikhoan VALUES(4, 'goldtdawg21', 'CXxdkixl', '0580685080', 'golddawg22@gmail.com');
INSERT INTO taikhoan VALUES(5, 'siomaithuy', 'eJfAC1tT', '0553301100', 'crackerhero@gmail.com');
INSERT INTO taikhoan VALUES(6, 'sktno1', 'pWgH00tQ', '048102565', 'doubled@gmail.com');
INSERT INTO taikhoan VALUES(7, 'boomerfaker', 'N1ri2TLD', '0666889572', 'canhcutno1@gmail.com');
INSERT INTO taikhoan VALUES(8, 'zoomer234', 'iDAqVGUd', '0229031171', 'trustmebro@gmail.com');
INSERT INTO taikhoan VALUES(9, 'tuanITpro', 'hmA9OFCW', '0739521401', 'tuanvjpit@gmail.com');
INSERT INTO taikhoan VALUES(10, 'ADPKsieu', 'XskUyJO9', '0944327626', 'adpkno1xathu@gmail.com');
INSERT INTO taikhoan VALUES(11,	'TamPLT',	'a2sds221',	'0877142142' ,	'pltcomtam@gmail.com');
INSERT INTO taikhoan VALUES(12,	'xoimo412',	'j322jh21g',	'0914000404',	'comga142@gmail.com');
INSERT INTO taikhoan VALUES(13,	'Haiga222',	'ygd331kk',	'19000091',	'haiga222@gmail.com');
INSERT INTO taikhoan VALUES(14,	'homeDau',	'gdig3243',	'0901088284',	'homeBunDau@gmail.com');
INSERT INTO taikhoan VALUES(15,	'caySEO',	'asnkf2423',	'19003360', 	'seoulSpice@gmail.com');
INSERT INTO taikhoan VALUES(16,	'banhGiaAn',	'ansd34242',	'02432321696',	'giaanbanhcuon@gmail.com');
INSERT INTO taikhoan VALUES(17,	'trangpho111',	'4fiogsdhg43',	'0922266966',	'trangphobo@gmail.com');
INSERT INTO taikhoan VALUES(18,	'ganhbunbo',	'fsdf7980sa',	'02866843263',	'bunboggg@gmail.com');
INSERT INTO taikhoan VALUES(19,	'diemCa',	'asd2ofjds',	'02838213193',	'diemBunBo@gmail.com');
INSERT INTO taikhoan VALUES(20,	'hoaBakingG',	'akf332slasd',	'0961452578',	'bakingWithHoa@gmail.com');
INSERT INTO taikhoan VALUES(21,	'chuhebuonba',	'hahahaha',	'0334566543',	'chuhebuonba@gmail.com');
INSERT INTO taikhoan VALUES(22,	'uchihahaha',	'hihihihihihi',	'0556325436',	'uchihahaha@gmail.com');
INSERT INTO taikhoan VALUES(23,	'huynhdavid',	'hohohohoho',	'0902356912',	'huynhdavid1412@gmail.com');
INSERT INTO taikhoan VALUES(24,	'khavansang',	'hehehehehe',	'0567708992',	'sakakakaka@gmail.com');
INSERT INTO taikhoan VALUES(25,	'danhnguyen',	'huhuhuhuhu',	'0794456543',	'danhnguyenphenomenal@gmail.com');
INSERT INTO taikhoan VALUES(26,	'ngaile',	'hichichichic',	'0984332756',	'nghialekhmt@gmail.com');
INSERT INTO taikhoan VALUES(27,	'hungchamkam',	'ahihidongokk',	'0978996669',	'buonbuonchoida@gmail.com');
INSERT INTO taikhoan VALUES(28,	'vuchan',	'minhlamappdi',	'0955955955',	'vuchan@gmail.com');
INSERT INTO taikhoan VALUES(29,	'duyganhteam',	'motminhtchaphet',	'0989809008',	'duypka@gmail.com');
INSERT INTO taikhoan VALUES(30,	'vinhbomdeu',	'tatcalatainhan',	'0984953000',	'vinhbomdeu@gmail.com');
-- admin
INSERT INTO admin VALUES (1, 'Chan', 'Danh');
INSERT INTO admin VALUES (2, 'Hai', 'Que');
INSERT INTO admin VALUES (3, 'Bu', 'Hu');
INSERT INTO admin VALUES (4, 'Cau', 'Vang');
INSERT INTO admin VALUES (5, 'Choi', 'Do');
INSERT INTO admin VALUES (6, 'Mai', 'Thuy');
INSERT INTO admin VALUES (7, 'Lee', 'Sanghyeok');
INSERT INTO admin VALUES (8, 'Tre', 'Nghe');
INSERT INTO admin VALUES (9, 'Nguyen', 'Tuan');
INSERT INTO admin VALUES (10, 'Pham', 'Duy');
-- khachhang
INSERT INTO khachhang (IDtaikhoan, Ho, Ten , Ngaytaotaikhoan, Diemtichluy , Ngaysinh , Loaithanhvien) VALUES(21, 'Nguyen', 'Huong', '2021-10-05', 100 ,'2002-12-05', 'dong');
INSERT INTO khachhang (IDtaikhoan, Ho, Ten , Ngaytaotaikhoan, Diemtichluy , Ngaysinh , Loaithanhvien) VALUES(22, 'Tran', 'Tam', '2020-09-15', 200 ,'2001-09-15', 'bac');
INSERT INTO khachhang (IDtaikhoan, Ho, Ten , Ngaytaotaikhoan, Diemtichluy , Ngaysinh , Loaithanhvien) VALUES(23, 'Huynh', 'Vinh', '2019-08-25', 400 , '2000-06-25', 'bac');
INSERT INTO khachhang (IDtaikhoan, Ho, Ten , Ngaytaotaikhoan, Diemtichluy , Ngaysinh , Loaithanhvien) VALUES(24, 'Kha', 'Sang', '2018-07-07', 50 ,'1999-03-30', 'dong');
INSERT INTO khachhang (IDtaikhoan, Ho, Ten , Ngaytaotaikhoan, Diemtichluy , Ngaysinh , Loaithanhvien) VALUES(25, 'Nguyen', 'Danh', '2021-06-08', 300 ,'1998-10-20', 'bac');
INSERT INTO khachhang (IDtaikhoan, Ho, Ten , Ngaytaotaikhoan, Diemtichluy , Ngaysinh , Loaithanhvien) VALUES(26, 'Le', 'Nghia', '2020-05-09', 20 ,'2002-08-10', 'dong');
INSERT INTO khachhang (IDtaikhoan, Ho, Ten , Ngaytaotaikhoan, Diemtichluy , Ngaysinh , Loaithanhvien) VALUES(27, 'Nguyen', 'Hung', '2019-04-16', 600 ,'2004-06-01', 'vang');
INSERT INTO khachhang (IDtaikhoan, Ho, Ten , Ngaytaotaikhoan, Diemtichluy , Ngaysinh , Loaithanhvien) VALUES(28, 'Tran', 'Vu', '2018-03-31', 1000 ,'2003-04-11', 'kim cuong');
INSERT INTO khachhang (IDtaikhoan, Ho, Ten , Ngaytaotaikhoan, Diemtichluy , Ngaysinh , Loaithanhvien) VALUES(29, 'Pham', 'Duy', '2021-02-25', 550 ,'2005-02-21', 'vang');
INSERT INTO khachhang (IDtaikhoan, Ho, Ten , Ngaytaotaikhoan, Diemtichluy , Ngaysinh , Loaithanhvien) VALUES(30, 'Bui', 'Vinh', '2020-01-08', 250 ,'1996-01-31', 'bac');

-- khuyen mai chung
INSERT INTO khuyenmai_chung VALUES (1, 1200000, 'Giảm tối đa 150k đơn tối thiểu 1200k', 'COSLUX11', '20/11/2022', '30/11/2022', 100, 81, 1);
INSERT INTO khuyenmai_chung VALUES (2, 50, 'Giảm tối đa 50k đơn tối thiểu 50k', 'VISA50', '8/11/2022', '8/12/2022', 200, 54, 2);
INSERT INTO khuyenmai_chung VALUES (3, 200000, 'Giảm 40% cho đơn hàng từ 200k', 'GF40200', '4/10/2022', '4/12/2022', 500, 2, 3);
INSERT INTO khuyenmai_chung VALUES (4, 300000, 'Giảm 75k cho đơn hàng từ 300k', 'SL75', '1/10/2022', '30/11/2022', 400, 43, 4);
INSERT INTO khuyenmai_chung VALUES (5, 20000, 'Giảm giá tối đa 10k cho đơn từ 20k tri ân 20/11', 'TD2022', '16/11/2022', '21/11/2022', 300, 66, 5);
INSERT INTO khuyenmai_chung VALUES (6, 200000, 'Giảm 30k cho đơn hàng từ 200k', 'FREE200', '4/11/2022', '18/12/2022', 50, 21, 6);
INSERT INTO khuyenmai_chung VALUES (7, 0, 'Khuyến mãi 50% khi mua trà sữa', '50TRASUA', '17/11/2022', '17/12/2022', 200, 102, 7);
INSERT INTO khuyenmai_chung VALUES (8, 75000, 'Khuyến mãi 20% cho đơn từ 75k', 'DG7520', '15/11/2022', '30/11/2022', 100, 32, 8);
INSERT INTO khuyenmai_chung VALUES (9, 0, 'Mã giảm 20k cho khách hàng sử dụng GrabFood', 'MCGRAB', '10/10/2022', '30/11/2022', 70, 5, 9);
INSERT INTO khuyenmai_chung VALUES (10, 300000, 'Giảm 50% cho đơn hàng từ 300k', 'HOT300', '11/11/2022', '30/11/2022', 50, 0, 10);
INSERT INTO khuyenmai_chung VALUES (11, 100000, 'Khao 10k đơn từ 100k', 'SAIGON10KL', '11/11/2022', '30/11/2022', 500, 15, 1);
INSERT INTO khuyenmai_chung VALUES (12, 110000, 'Khao 25k đơn từ 110k', 'BEAMIN25', '4/10/2022', '9/12/2022', 400, 43, 2);
INSERT INTO khuyenmai_chung VALUES (13, 55000, 'Khao 12k đơn từ 55k', 'BEAMIN12', '1/10/2022', '18/12/2022', 300, 66, 3);
INSERT INTO khuyenmai_chung VALUES (14, 0, 'Giảm giá 30% tối đa 30K', 'HOMECREDIT30', '16/11/2022', '20/12/2022', 50, 21, 4);
INSERT INTO khuyenmai_chung VALUES (15, 80000, 'Giảm giá 30% tối đa 30K cho đơn hàng từ 80k', 'AHIHIDONGOK', '4/11/2022', '25/12/2022', 200, 102, 5);
INSERT INTO khuyenmai_chung VALUES (16, 60000, 'Giảm giá 20% đơn tối thiểu 60k', 'CHUHEBUONBA', '17/11/2022', '18/11/2022', 100, 32, 6);
INSERT INTO khuyenmai_chung VALUES (17, 0, 'Khuyến mãi 30% cho chuỗi Cơm tấm Phúc Lộc Thọ', 'PHUCLOCTHO', '09/12/2022', '16/12/2022', 70, 5, 7);
INSERT INTO khuyenmai_chung VALUES (18, 75000, 'Giảm 15k cho đơn hàng từ 75k', 'SHIPERHAPPY', '06/12/2022', '24/12/2022', 300, 70, 8);
INSERT INTO khuyenmai_chung VALUES (19, 0, 'Giảm 50k cho khách hàng mới', 'KHACHHANGMOI', '11/11/2022', '31/12/2022', 200, 80, 9);
INSERT INTO khuyenmai_chung VALUES (20, 0, 'Giảm 50% tối đa 50k cho nguời giới thiệu', 'NGUOIGIOITHIEU', '08/12/2022', '29/12/2022', 200, 80, 10);

-- khuyen mai he thong
INSERT INTO khuyenmaihethong VALUES (1, 'vang', 100);
INSERT INTO khuyenmaihethong VALUES (2, 'bac', 50);
INSERT INTO khuyenmaihethong VALUES (3, 'kim cuong', 180);
INSERT INTO khuyenmaihethong VALUES (4, 'back kim', 150);
INSERT INTO khuyenmaihethong VALUES (5, 'dong', 20);
INSERT INTO khuyenmaihethong VALUES (6, 'kim cuong', 200);
INSERT INTO khuyenmaihethong VALUES (7, 'vang', 100);
INSERT INTO khuyenmaihethong VALUES (8, 'back kim', 150);
INSERT INTO khuyenmaihethong VALUES (9, 'bac', 50);
INSERT INTO khuyenmaihethong VALUES (10, 'kim cuong', 200);

-- khuyenmaigiamtien
INSERT INTO khuyenmaigiamtien VALUES (1,150000);
INSERT INTO khuyenmaigiamtien VALUES (2,50000);
INSERT INTO khuyenmaigiamtien VALUES (4,75000);
INSERT INTO khuyenmaigiamtien VALUES (5,10000);
INSERT INTO khuyenmaigiamtien VALUES (6,30000);
INSERT INTO khuyenmaigiamtien VALUES (9,20000);
INSERT INTO khuyenmaigiamtien VALUES (11,10000);
INSERT INTO khuyenmaigiamtien VALUES (12,25000);
INSERT INTO khuyenmaigiamtien VALUES (13,12000);
INSERT INTO khuyenmaigiamtien VALUES (18,15000);
INSERT INTO khuyenmaigiamtien VALUES (19,50000);


-- khuyenmaiphantram
INSERT INTO khuyenmaiphantram VALUES (3,40, null);
INSERT INTO khuyenmaiphantram VALUES (7,50,null);
INSERT INTO khuyenmaiphantram VALUES (8,20,null);
INSERT INTO khuyenmaiphantram VALUES (10,50, null);
INSERT INTO khuyenmaiphantram VALUES (14,30, 30000);
INSERT INTO khuyenmaiphantram VALUES (15,30,30000);
INSERT INTO khuyenmaiphantram VALUES (16,20, null);
INSERT INTO khuyenmaiphantram VALUES (17,30, null);
INSERT INTO khuyenmaiphantram VALUES (20,50, 50000);


-- cong ty van chuyen
INSERT INTO congtyvanchuyen VALUES ('1' , 'GrabFood', '0902348144', 'grabfood@grab.com', 'Tòa nhà Mapletree Business Center, 1060 Nguyễn Văn Linh, phường Tân Phong, quận 7, TPHCM');
INSERT INTO congtyvanchuyen VALUES ('2' , 'beFood', '1900232345' , 'hotro@be.com.vn', 'Tầng 16, tòa nhà Saigon Tower, 29 Lê Duẩn, phường Bến Nghé, quận 1, TPHCM');
INSERT INTO congtyvanchuyen VALUES ('3' , 'Baemin', '19003458' , 'help@baemin.vn', 'Tầng 4 và Tầng 5, Friendship Tower, 31 Lê Duẩn, phường Bến Nghé, quận 1, TPHCM');
INSERT INTO congtyvanchuyen VALUES ('4' , 'ShopeeFood', '19002042' , 'support@shopeefood.vn', 'Lầu G, tòa nhà Jabes 1, 244 Cống Quỳnh, phường Phạm Ngũ Lão, quận 1, TPHCM');
INSERT INTO congtyvanchuyen VALUES ('5' , 'Loship', '1900638058' , 'hotroloship@lozi.vn', 'Tòa nhà Lữ Gia, Tầng 4 - 70 Lữ Gia, phường 15, quận 11, TPHCM');

-- Cho nhà hàng nhé ;)
INSERT INTO NhaHang VALUEs (11,'Cơm tấm Phúc Lộc Thọ', '234/3 Tô Ngọc Vân,P. Linh Đông, TP. Thủ Đức, TP. HCM.', 'https://comtamphucloctho.vn/', 3);
INSERT INTO NhaHang values (12,'Cơm gà xối mỡ 412','142 Ba Đình, P. 10, Q. 8, Tp. HCM','http://comgaxoimo142.com/',7);
INSERT INTO NhaHang Values (13,'Cơm gà Thượng Hải','21 – 23 Võ Văn Tần, P. 6,  Quận 3','https://www.facebook.com/comgathuonghaisaigon/',2);
INSERT INTO NhaHang Values (14,'Đậu Homemade','91 Xuân Thuỷ, phường Thảo Điền, quận 2, TP. Hồ Chí Minh','https://dauhomemade.vn/',9);
INSERT into nhahang values (15,'Mì cay Seoul','78, Hoàng Diệu, Phường 13, Quận 4, Tp. Hồ Chí Minh','https://micayseoul.com/',4);
insert into nhahang values (16,'Bánh cuốn Gia An','Số 70 Trung Hòa, Phường Trung Hòa, Quận Cầu Giấy, Hà Nội','http://www.banhcuongiaan.com.vn/',1);
insert into nhahang values (17,'Phở Trang','420 Phạm Thái Bường, P. Tân Phong, Q. 7, TP. Hồ Chí Minh','https://www.photrang.vn/',2);
insert into nhahang values (18,'Bún bò Gánh','110 Lý Chính Thắng - P8 - Q3 - TP.HCM','https://www.bunboganh.vn/',6);
insert into nhahang values (19,'Quán ông Diệm','59 Hoa Sứ, P. 7, Q. Phú Nhuận','https://hutieumuc.vn/',8);
insert into nhahang values (20,'Anh Hoa Bakery','Số 09 Trần Thái Tông, P. Dịch Vọng, Q. Cầu Giấy, TP. Hà Nội','https://anhhoabakery.vn/',1);

-- khuyen mai cua hang
INSERT INTO khuyenmaicuahang VALUES (11, 15);
INSERT INTO khuyenmaicuahang VALUES (12, 12);
INSERT INTO khuyenmaicuahang VALUES (13, 17);
INSERT INTO khuyenmaicuahang VALUES (14, 16);
INSERT INTO khuyenmaicuahang VALUES (15, 18);
INSERT INTO khuyenmaicuahang VALUES (16, 19);
INSERT INTO khuyenmaicuahang VALUES (17, 11);
INSERT INTO khuyenmaicuahang VALUES (18, 14);
INSERT INTO khuyenmaicuahang VALUES (19, 20);
INSERT INTO khuyenmaicuahang VALUES (20, 13);

-- Thêm vào loại món ăn
insert into loaimonan values (11,1,'Cơm tấm');
insert into loaimonan values (11,2,'Cơm chiên dương châu');
insert into loaimonan values (12,1,'Cơm gà luộc');
insert into loaimonan values (12,2,'Cơm gà chiên nước mắm');
insert into loaimonan values (13,1,'Cơm gà xối mỡ');
insert into loaimonan values (13,2,'Cơm gà không xối mỡ');
insert into loaimonan values (14,1,'Bún đậu');
insert into loaimonan values (15,1,'Mì cay cấp độ Max');
insert into loaimonan values (15,2,'Mì không cay');
insert into loaimonan values (16,1,'Bánh cuốn gia truyền');
insert into loaimonan values (17,1,'Phở bò truyền thống');
insert into loaimonan values (17,2,'Phở gà gia truyền');
insert into loaimonan values (17,3,'Phở thập cẩm');
insert into loaimonan values (18,1,'Bún bò siêu to khổng lồ');
insert into loaimonan values (19,1,'Hủ tiếu mực');
insert into loaimonan values (19,2,'Hủ tiếu thập cẩm');
insert into loaimonan values (20,1,'Bánh ngọt');
insert into loaimonan values (20,2,'Bánh kem');
insert into loaimonan values (20,3,'Đồ ngọt Pháp');

-- Thêm dữ liệu vào Món ăn
INSERT into monan values (25,'Hawaii Mousse','https://product.hstatic.net/1000313040/product/frame_fb_6_78c1fc31dc32417192fdf7af78be7dfe_master.png','- Kem tươi\n- Dừa\n- Caramel\n- Trứng.\nBánh làm từ kem tươi nhiều trứng với phần trên là caramel dừa. Xung quanh được trang trí bằng 1 lớp gato mềm vị caramel.',70000,100000,20,3);
INSERT into monan values (1,'Cơm tấm sườn','https://media.loveitopcdn.com/19212/com-tam-suon.jpg','Cơm tấm sườn thơm ngon chuẩn vị',25000,39000,11,1);
INSERT into monan values (2,'Cơm tấm bì chả trứng','https://images.foody.vn/res/g25/243395/prof/s640x400/image-44ecdc25-200910115818.jpeg','Cơm tấm cùng với combo bì, chả và trứng hảo hạng, mê hoặc người ăn',28000,45000,11,1);
INSERT into monan values (3,'Cơm chiên dương châu truyền thống','https://dashboard-api.flyfood.vn/system/assets/5773/file.jpg',"Nói đến cơm chiên thì không thể nào không nhắc đến món Cơm Chiên Dương Châu bởi nó đã quá quen thuộc với giới mộ điệu sành ăn tại Sài Gòn. Những nguyên liệu hỗn hợp như lạp xưỡng, đậu hà lan, củ cà rốt…đầy màu sắc tạo nên nét đặc trưng của nó.",20000,40000,11,2);
INSERT into monan values (4,'Cơm gà luộc với rau muống','https://images.foody.vn/res/g2/12906/prof/s576x330/image-0bf941cd-200910114154.jpeg',"Một món ngon truyền thống của Việt Nam, đem lại biết bao nhiêu kỷ niệm cho người dân Thành phố Hồ Chí Minh",30000,50000,12,1);
INSERT into monan values (5,'Cơm gà chiên nước mắm 2 cánh','https://cdn.tgdd.vn/Files/2021/12/30/1408087/tong-hop-10-cach-lam-ga-chien-nuoc-mam-ngon-don-gian-tai-nha-202112301428416199.jpg',"Một món tuy đơn giản nhưng lại rất hấp dẫn, bảo đảm quý khách ăn một lần sẽ không thể quên",22000,40000,12,2);
INSERT into monan values (6,'Cơm gà chiên nước mắm 1 đùi','https://cdn.tgdd.vn/Files/2020/04/04/1246636/chia-se-cach-lam-canh-ga-chien-nuoc-mam-thom-ngon-kho-cuong-202202251510579911.jpg',"Một món tuy đơn giản nhưng lại rất hấp dẫn, bảo đảm quý khách ăn một lần sẽ không thể quên",25000,45000,12,2);
INSERT into monan values (7,'Cơm gà xối mỡ','https://images.foody.vn/res/g108/1072502/prof/s640x400/foody-upload-api-foody-mobile-1-1200x676-22-2-210407141217.jpg',"Cơm gà xối mỡ có lẽ đã là một món ăn phổ biến của người dân Sài Gòn, đặc biệt là giới trẻ. Khi cắn vào miếng gà, bạn sẽ nhận thấy độ giòn của lớp da gà chiên vàng thơm, thịt gà mềm mà không bị bở, các loại gia vị phân bổ đều.",30000,45000,13,1);
INSERT into monan values (8,'Cơm chiên với cánh gà','https://cdn.cet.edu.vn/wp-content/uploads/2020/04/cach-lam-com-chien-ga-xoi-mo.jpg',"Cơm chiên cánh gà vốn nổi tiếng với những miếng gà giòn rụm được tẩm ướp đậm đà, xối lên một lớp mỡ và nước chấm thơm ngon.",25000,40000,13,2);
INSERT into monan values (9,'Bún đậu nước tương và mayonnaise','https://assets.grab.com/wp-content/uploads/sites/11/2020/03/05000908/kaiwaii.food_69339317_366915090886222_2114771019841597291_n-e1583338157148.jpg',"Chia sẻ từ thực khách:\nBún Đậu Mắm Tôm ở đây rất chất lượng, bún được ép chắc nhưng khi ăn lại rất mềm và không có vị chua.",50000,75000,14,1);
INSERT into monan values (10,'Mì cay cấp độ 10','https://www.google.com/url?sa=i&url=https%3A%2F%2Fwww.foody.vn%2Fha-noi%2Fsasin-mi-cay-7-cap-do-han-quoc&psig=AOvVaw1K6BWfDVMiiSnDx1qbAXvq&ust=1668782752632000&source=images&cd=vfe&ved=0CBAQjRxqFwoTCPiIzqu6tfsCFQAAAAAdAAAAABAD','Một món ăn gây bão cho giới trẻ hiện nay. Mọi người hãy đến và trải nghiệm điều gì đã làm cho món mì cay Hot đến thế',30000,50000,15,1);
INSERT into monan values (11,'Mì trộn sốt bò hầm','https://cdn.tgdd.vn/2021/04/CookProduct/t-1200x676.jpg',"Món ăn ngon, bổ và rẻ, phù hợp cho các bạn sinh viên dịp cuối tháng",10000,15000,15,2);
INSERT into monan values (12,'Bánh cuốn chả bò','https://vcdn1-dulich.vnecdn.net/2013/11/04/banh-uot-3-6850-1383547135.jpg?w=0&h=0&q=100&dpr=2&fit=crop&s=0JfhtrBL5uQ3h-hxURiZrg',"Dĩa bánh cuốn, bánh ướt tại nơi đây rất phong phú với chả quế, chả lụa, chả chiên, nem chua, bánh tôm giòn rụm và tất nhiên là với miếng chả bò Quảng Nam đậm đà với tiêu hột cay xé lưỡi.",20000,45000,16,1);
INSERT into monan values (13,'Bánh cuốn chả lụa và thịt quay','https://cdn.tgdd.vn/2021/05/content/hoi-3-800x450.jpg',"Dĩa bánh cuốn, bánh ướt tại nơi đây rất phong phú với chả quế, chả lụa, chả chiên, nem chua, bánh tôm giòn rụm và tất nhiên là với miếng chả bò Quảng Nam đậm đà với tiêu hột cay xé lưỡi.",30000,40000,16,1);
INSERT into monan values (14,'Phở bò','http://cdn.tgdd.vn/Files/2022/01/25/1412805/cach-nau-pho-bo-nam-dinh-chuan-vi-thom-ngon-nhu-hang-quan-202201250230038502.jpg','Không phải ngẫu nhiên phở bò lại được các đầu bếp hàng đầu thế giới bình chọn là món ăn nên thử ít nhất 1 lần trong đời. Đằng sau mỗi tô phở ấy là một hương vị đặc trưng khó mà lẫn lộn.',40000,75000,17,1);
INSERT into monan values (15,'Phở gà','https://jamja.vn/blog/wp-content/uploads/2019/06/pho-ga-ha-noi.jpg','Các món ăn được nấu và chế biến của các đầu bếp với tay nghề cao tạo nên sự hấp dẫn riêng của các món gà tưởng chừng như đơn giản lại trở lên đặc biệt hơn rất nhiều.',20000,35000,17,2);
INSERT into monan values (16,"Phở thập cẩm với đùi gà, bò, sụn ...",'https://img-global.cpcdn.com/recipes/b19c8c1883f2fad3/400x400cq70/photo.jpg','Một bát phở với đầy đủ hương vị từ các miền đất nước hội tụ về',25000,30000,17,3);
INSERT into monan values (17,'Bún bò tô đặc biệt','https://1.bp.blogspot.com/-byWctI8VGQ0/YL0LfnXLGHI/AAAAAAAAT-4/cWWQSRArYgAIeY2IOfTrAahb4mF7IN_BwCPcBGAYYCw/w500-h500-p-k-no-nu/bun%2Bbo%2Bthap%2Bcam%2Bdac%2Bbiet.jpg',"Một tô bún bò đầy hương vị truyền thống, với hương vị không thể chối từ",30000,55000,18,1);
INSERT into monan values (18,'Hủ tiếu mực tô đặc biệt','https://statics.vinpearl.com/hu-tieu-muc-sai-gon-4_1628758268.jpg',"Một tô hủ tiếu nóng hổi gồm những miếng mực tươi có thể cắt thành khoanh hoặc để nguyên con, mực khô, thịt băm, hành lá và các loại rau sống. Hủ tiếu mực Sài Gòn muốn ngon phải đặc biệt chú ý đến cách chế biến nước lèo.",20000,45000,19,1);
INSERT into monan values (19,'Hủ tiếu thập cẩm các loại thịt','https://danviet.mediacdn.vn/2021/4/28/logo-12210198737018709931573593347556094743527136n-1619605930126950511562.jpg',"Một món hủ tiếu thơm ngon, chất lượng cao, đem lại một trải nghiệm đẳng cấp mới",30000,50000,19,2);
INSERT into monan values (20,'Bánh trung thu','https://file.hstatic.net/200000055918/file/givral2_e6317fa872c147c586bdd15779f321eb.jpg',"Trung thu là giữa mùa thu, và bánh trung thu là nét đẹp đặc trưng truyền thống của giữa mùa thu đó. Bánh trung thu được xem là đại diện cho sự đoàn viên, tình cảm gia đình và là món ăn tinh thần không thể thiếu trong mỗi dịp Tết trung thu về.",30000,35000,20,1);
INSERT into monan values (21,'Bánh su kem','https://i0.wp.com/kenhhomestay.com/wp-content/uploads/2019/10/banh-su-kem-sai-gon-1.jpg',"Bánh su có các vị: kem sữa, phô mai, matcha, choco. Đồng giá 3k/1 cái. Một hộp 10 cái 30k. Có thể mix các vị. Bánh su ngon, nhân đầy đặn. Mua 1 hộp tặng 1 bánh.",10000,15000,20,1);
INSERT into monan values (22,'Bánh kem các dịp lễ','https://product.hstatic.net/1000313040/product/72870377_715958202252626_3259100641099776000_n_a26afdcbf40747c8b8d0bce6f60e88c7_master.jpg',"*/ Chú ý:\n- Các phụ kiện trang trí trên mặt bánh không ăn được\n- Phần kem nhiều màu sắc trên bánh chỉ để trang trí, quý khách nên gạt bỏ phần đó ra ngoài trước khi ăn để đảm bảo thẩm mỹ và hương vị tự nhiên của bánh.",80000,120000,20,2);
INSERT into monan values (23,'Chocolate Lava Cake','https://cdn.daylambanh.edu.vn/wp-content/uploads/2015/11/banh-chocolate-lava-dep-mat.jpg',"Là một phiên bản khác của Souffle, xong Chocolate Lava Cake không được dùng trực tiếp trong cốc sứ mà được lật úp lên đĩa, khi cắt nhẹ mặt bánh sẽ có chocolate lỏng trào nhẹ ra ngoài, thơm nóng hấp dẫn.",50000,75000,20,3);
INSERT into monan values (24,'Red Velvet Cake','https://product.hstatic.net/1000313040/product/frame_fb_9_0ef0bc3e71354a4385e0e55d577fd41d_master.png',"- Gato,\n- Bột mỳ đỏ,\n- Kem tươi vi Tiramisu\nBánh làm từ 3 lớp gato đỏ xen lẫn 3 lớp kem tươi. Bên ngoài bánh phủ 1 lớp BỘT GATO ĐỎ VÀ TRANG TRÍ HOA QUẢ.",80000,120000,20,3);

-- Thêm data cho Nguyên liệu
insert into nguyenlieu values (1,'Cơm');
insert into nguyenlieu values (1,'Sườn');
insert into nguyenlieu values (1,'Hành');
insert into nguyenlieu values (2,'Cơm');
insert into nguyenlieu values (2,'Bì');
insert into nguyenlieu values (2,'Chả');
insert into nguyenlieu values (2,'Trứng');
insert into nguyenlieu values (3,'Cơm');
insert into nguyenlieu values (3,'Chả');
insert into nguyenlieu values (3,'Trứng');
insert into nguyenlieu values (3,'Cà rốt');
insert into nguyenlieu values (4,'Cơm');
insert into nguyenlieu values (4,'Gà luộc');
insert into nguyenlieu values (4,'Rau muống');
insert into nguyenlieu values (5,'Cơm');
insert into nguyenlieu values (5,'Cánh gà');
insert into nguyenlieu values (5,'Nước mắm');
insert into nguyenlieu values (6,'Cơm');
insert into nguyenlieu values (6,'Đùi gà');
insert into nguyenlieu values (6,'Nước mắm');
insert into nguyenlieu values (7,'Cơm');
insert into nguyenlieu values (7,'Cánh gà');
insert into nguyenlieu values (7,'Dầu');
insert into nguyenlieu values (8,'Cơm');
insert into nguyenlieu values (8,'Cánh gà');
insert into nguyenlieu values (8,'Hành lá');
insert into nguyenlieu values (9,'Bún');
insert into nguyenlieu values (9,'Đậu hũ');
insert into nguyenlieu values (9,'Chả cốm');
insert into nguyenlieu values (9,'Thịt quay');
insert into nguyenlieu values (10,'Mì Hàn Quốc');
insert into nguyenlieu values (10,'Tương ớt');
insert into nguyenlieu values (10,'Tteokbokki');
insert into nguyenlieu values (11,'Mì trộn');
insert into nguyenlieu values (11,'Nước sốt');
insert into nguyenlieu values (11,'Thịt bò');
insert into nguyenlieu values (12,'Bánh cuốn');
insert into nguyenlieu values (12,'Chả bò');
insert into nguyenlieu values (13,'Bánh cuốn');
insert into nguyenlieu values (13,'Chả lụa');
insert into nguyenlieu values (13,'Thịt quay');
insert into nguyenlieu values (14,'Phở');
insert into nguyenlieu values (14,'Thịt bò');
insert into nguyenlieu values (15,'Phở');
insert into nguyenlieu values (15,'Thịt gà');
insert into nguyenlieu values (16,'Phở');
insert into nguyenlieu values (16,'Thịt gà');
insert into nguyenlieu values (16,'Thịt bò');
insert into nguyenlieu values (17,'Bún');
insert into nguyenlieu values (17,'Thịt bò');
insert into nguyenlieu values (18,'Hủ tiếu');
insert into nguyenlieu values (18,'Mực');
insert into nguyenlieu values (19,'Hủ tiếu');
insert into nguyenlieu values (19,'Thịt bò');
insert into nguyenlieu values (19,'Thịt heo');
insert into nguyenlieu values (20,'Bột mì');
insert into nguyenlieu values (20,'Đậu xanh');
insert into nguyenlieu values (20,'Trứng gà');
insert into nguyenlieu values (21,'Bột mì');
insert into nguyenlieu values (21,'Vanilla');
insert into nguyenlieu values (22,'Bột mì');
insert into nguyenlieu values (22,'Kem trang trí');
insert into nguyenlieu values (22,'Mứt');
insert into nguyenlieu values (23,'Bột mì');
insert into nguyenlieu values (23,'Socola');
insert into nguyenlieu values (24,'Bột mì');
insert into nguyenlieu values (24,'Bột gấc');
insert into nguyenlieu values (24,'Mứt');
insert into nguyenlieu values (25,'Kem tươi');
insert into nguyenlieu values (25,'Dừa');
insert into nguyenlieu values (25,'Caramel');
insert into nguyenlieu values (25,'Trứng');

-- Don hang
INSERT INTO Donhang VALUES (1,'Cristiano Ronaldo','Đang xử lý','Siuuuuuu','Real Madrid',0123456789,0179651234,'Erik Ten Hag','59H3-7946','Yamaha Exciter',21,1,'2022-12-01');
INSERT INTO Donhang VALUES (2,'Danh Nguyen','Đang xử lý','Thêm tí đá','268 Lý Thường Kiệt, phường 14, quận 10',0789456141,0987413571,'Nguyễn Hữu Danh','59P2-27582','Yamaha Sirius',22,3,'2022-11-30');
INSERT INTO Donhang VALUES (3,'Trông Anh Ngược','Đang giao hàng','Đơn hàng này chuẩn chưa anh','235 Nguyễn Văn Cừ, phường 4, quận 5',0345678912,0784154692,'Trịnh Quang Tuyến','59T1-78463','Honda Vision',23,4,'2022-11-29');
INSERT INTO Donhang VALUES (4,'Nghia Le','Đã giao','Nhớ bỏ bột ngọt Hảo Hảo','268 Lý Thường Kiệt, phường 14, quận 10',0657135798,0648571345,'Lê Minh Nghĩa','59GN-0175','Honda WaveRSX',24,1,'2022-12-13');
INSERT INTO Donhang VALUES (5,'Lươn Văn Tèo','Đang giao hàng','Giảm bớt thịt và lấy thêm sự lươn lẹo','11 đường số 2, phường 5, quận 6',0245789311,0876334812,'Nguyễn Văn Trung','61Y5-18469','KYMCO Candy Hermosa',25,2,'2023-01-05');
INSERT INTO Donhang VALUES (6,'Bùi Thị Xuyến','Đã giao','Tôi không ăn được cay','102 Nguyễn Bá Tòng, phường 11, quận Tân Bình',0923597412,0975246134,'Nguyễn Huỳnh Tuấn Hưng','59H1-99999','Honda Air Blade',26,2,'2022-12-29');
INSERT INTO Donhang VALUES (7,'Nhan Tran','Đang giao hàng','Cho thêm rau muống thoát khỏi sự trầm cảm này','268 Lý Thường Kiệt, phường 14, quận 10',0484794565,0813464897,'Trần Thiện Nhân','59M5-9748','Honda Super Cub',27,5,'2022-12-19');
INSERT INTO Donhang VALUES (8,'Nguyễn Phương Hằng','Đang xử lý',NULL,'Khu đô thị Sala',0999799799,0465879123,'Võ Hoàng Yên','62R4-6412','Honde Future',28,3,'2023-01-15');
INSERT INTO Donhang VALUES (9,'Duy Pham','Đang giao hàng','Thêm cúp T1 2023','268 Lý Thường Kiệt, phường 14, quận 10',0369741157,0789514364,'Phạm Khai Anh Duy','59F8-23497','Yamaha Janus',29,5,'2023-02-10');
INSERT INTO Donhang VALUES (10,'Lê Tùng Vân','Đang xử lý',NULL,'461 Lê Văn Sỹ, phường 2, quận Tân Bình',0814523168,0358416471,'Trần Thị Mai','61T1-45167','Yamaha Sirius',30,4,'2022-12-26');
INSERT INTO Donhang VALUES (11,'Danh Nguyen','Đã giao','Thêm tí đá','268 Lý Thường Kiệt, phường 14, quận 10',0789456141,0987413571,'Nguyễn Hữu Danh','59P2-27582','Yamaha Sirius',22,3,'2022-12-11');

-- Hoa don
INSERT INTO Hoadon VALUES (1,'Trực tiếp',54000,15000,1);
INSERT INTO Hoadon VALUES (2,'Trực tiếp',260000,16000,2);
INSERT INTO Hoadon VALUES (3,'Online',135000,23000,3);
INSERT INTO Hoadon VALUES (4,'Online',655000,25000,4);
INSERT INTO Hoadon VALUES (5,'Online',110000,48000,5);
INSERT INTO Hoadon VALUES (6,'Trực tiếp',410000,17000,6);
INSERT INTO Hoadon VALUES (7,'Online',108000,36000,7);
INSERT INTO Hoadon VALUES (8,'Trực tiếp',250000,19000,8);
INSERT INTO Hoadon VALUES (9,'Trực tiếp',840000,75000,9);
INSERT INTO Hoadon VALUES (10,'Online',245000,30000,10);
INSERT INTO Hoadon VALUES (11,'Trực tiếp',345000,20000,11);

-- Noi dung don hang
INSERT INTO Noidung_donhang VALUES (1,1,1,39000);
INSERT INTO Noidung_donhang VALUES (1,2,2,45000);
INSERT INTO Noidung_donhang VALUES (2,3,2,40000);
INSERT INTO Noidung_donhang VALUES (2,4,2,50000);
INSERT INTO Noidung_donhang VALUES (2,5,2,40000);
INSERT INTO Noidung_donhang VALUES (3,7,1,45000);
INSERT INTO Noidung_donhang VALUES (3,8,3,40000);
INSERT INTO Noidung_donhang VALUES (4,9,10,75000);
INSERT INTO Noidung_donhang VALUES (5,14,1,75000);
INSERT INTO Noidung_donhang VALUES (5,15,1,35000);
INSERT INTO Noidung_donhang VALUES (6,14,3,75000);
INSERT INTO Noidung_donhang VALUES (6,15,5,35000);
INSERT INTO Noidung_donhang VALUES (6,16,2,30000);
INSERT INTO Noidung_donhang VALUES (7,20,4,35000);
INSERT INTO Noidung_donhang VALUES (7,21,3,15000);
INSERT INTO Noidung_donhang VALUES (8,10,5,50000);
INSERT INTO Noidung_donhang VALUES (9,18,20,45000);
INSERT INTO Noidung_donhang VALUES (9,19,15,50000);
INSERT INTO Noidung_donhang VALUES (10,12,3,45000);
INSERT INTO Noidung_donhang VALUES (10,13,4,40000);
INSERT INTO Noidung_donhang VALUES (11,5,3,40000);
INSERT INTO Noidung_donhang VALUES (11,6,5,45000);

-- Ap dung ma khuyen mai
INSERT INTO Apdung_khuyenmai VALUES(1,2);
INSERT INTO Apdung_khuyenmai VALUES(1,12);
INSERT INTO Apdung_khuyenmai VALUES(3,14);
INSERT INTO Apdung_khuyenmai VALUES(4,4);
INSERT INTO Apdung_khuyenmai VALUES(4,9);
INSERT INTO Apdung_khuyenmai VALUES(6,19);
INSERT INTO Apdung_khuyenmai VALUES(7,11);
INSERT INTO Apdung_khuyenmai VALUES(7,15);
INSERT INTO Apdung_khuyenmai VALUES(7,16);
INSERT INTO Apdung_khuyenmai VALUES(9,1);
INSERT INTO Apdung_khuyenmai VALUES(9,3);
INSERT INTO Apdung_khuyenmai VALUES(10,20);

-- Gioi thieu
INSERT INTO gioithieu VALUES (21, 25, 2);
INSERT INTO gioithieu VALUES (23, 29, 10);
INSERT INTO gioithieu VALUES (24, 27, 5);
INSERT INTO gioithieu VALUES (26, 22, 16);
INSERT INTO gioithieu VALUES (28, 30, 15);
INSERT INTO gioithieu VALUES (24, 29, 4);
INSERT INTO gioithieu VALUES (25, 26, 12);
INSERT INTO gioithieu VALUES (27, 25, 18);
INSERT INTO gioithieu VALUES (23, 24, 17);
INSERT INTO gioithieu VALUES (27, 22, 1);

-- Thu thap ma khuyen mai
INSERT INTO thuthap VALUES(1, 21);
INSERT INTO thuthap VALUES(2, 23);
INSERT INTO thuthap VALUES(3, 25);
INSERT INTO thuthap VALUES(4, 26);
INSERT INTO thuthap VALUES(5, 27);
INSERT INTO thuthap VALUES(6, 28);
INSERT INTO thuthap VALUES(7, 22);
INSERT INTO thuthap VALUES(8, 25);
INSERT INTO thuthap VALUES(9, 29);
INSERT INTO thuthap VALUES(10, 30);
INSERT INTO thuthap VALUES(11, 21);
INSERT INTO thuthap VALUES(12, 22);
INSERT INTO thuthap VALUES(13, 24);
INSERT INTO thuthap VALUES(14, 25);
INSERT INTO thuthap VALUES(15, 26);
INSERT INTO thuthap VALUES(16, 27);
INSERT INTO thuthap VALUES(17, 23);
INSERT INTO thuthap VALUES(18, 25);
INSERT INTO thuthap VALUES(19, 28);
INSERT INTO thuthap VALUES(20, 25);